{
    "dev": {
        "awscloudformation": {
            "AuthRoleName": "amplify-goodcitizen-dev-164722-authRole",
            "UnauthRoleArn": "arn:aws:iam::911843619969:role/amplify-goodcitizen-dev-164722-unauthRole",
            "AuthRoleArn": "arn:aws:iam::911843619969:role/amplify-goodcitizen-dev-164722-authRole",
            "Region": "us-west-2",
            "DeploymentBucketName": "amplify-goodcitizen-dev-164722-deployment",
            "UnauthRoleName": "amplify-goodcitizen-dev-164722-unauthRole",
            "StackName": "amplify-goodcitizen-dev-164722",
            "StackId": "arn:aws:cloudformation:us-west-2:911843619969:stack/amplify-goodcitizen-dev-164722/f5fa4b10-416b-11ec-85fe-06c1d1fbbdb9",
            "AmplifyAppId": "di64vujsj5zif"
        },
        "categories": {
            "auth": {
                "goodcitizene8d9bc73": {}
            },
            "notifications": {
                "Pinpoint": {
                    "Name": "goodCitizenPinPoint-dev",
                    "Id": "810a41346f704dbf8b5faf451b841d2a",
                    "Region": "us-west-2"
                }
            }
        }
    }
}