{
    "api": {
        "goodcitizen": {
            "service": "AppSync",
            "providerPlugin": "awscloudformation",
            "output": {
                "authConfig": {
                    "defaultAuthentication": {
                        "authenticationType": "API_KEY",
                        "apiKeyConfig": {
                            "apiKeyExpirationDays": 40,
                            "description": "goodcitizenAPIKey"
                        }
                    },
                    "additionalAuthenticationProviders": []
                }
            }
        }
    },
    "auth": {
        "goodcitizene8d9bc73": {
            "service": "Cognito",
            "providerPlugin": "awscloudformation",
            "dependsOn": [],
            "customAuth": false,
            "frontendAuthConfig": {
                "loginMechanisms": [
                    "EMAIL"
                ],
                "signupAttributes": [
                    "EMAIL"
                ],
                "passwordProtectionSettings": {
                    "passwordPolicyMinLength": 8,
                    "passwordPolicyCharacters": []
                },
                "mfaConfiguration": "OFF",
                "mfaTypes": [
                    "SMS"
                ],
                "verificationMechanisms": [
                    "EMAIL"
                ]
            }
        }
    },
    "storage": {
        "goodcitizenFiles": {
            "service": "S3",
            "providerPlugin": "awscloudformation"
        }
    },
    "notifications": {
        "goodCitizenPinPoint": {
            "service": "Pinpoint",
            "channels": [
                "FCM"
            ]
        }
    }
}